id,title,summary,evidences,country,principles,industries,harmed,harmlevel,harmtype,threat,date,region,summary_lemma,summary_sentiment_label,summary_sentiment_score,evidences_sentiment_label,evidences_sentiment_score,offensive_label,offensive_score,manual_labeled
4,Clues to Future Snowden Leaks Found In His Past,Only a tiny fraction of Snowden's documents have been published. We believe one hint comes from Snowden's past as a security specialist at one of one the NSA's covert facilities at the University of Maryland.,"['A new article by investigative reporter Christopher Ketcham reveals, a governmental unit operating in secret and with no oversight whatsoever is gathering massive amounts of data on every American and running artificial intelligence software to predict each American\'s behavior, including ""what the target will do, where the target will go, who it will turn to for help"".']",USA,"['Respect of human rights', 'Transparency & explainability', 'Robustness & digital security', 'Privacy & data governance']","['Digital security', 'Government, security and defence']",['General public'],[],['Psychological'],TRUE,2014-01-02,North America,only a tiny fraction of snowden document have be publish we believe one hint come from snowden past as a security specialist at one of one the nsa covert facility at the university of maryland,neutral,0.8832720518,neutral,0.8326752186,toxic,0.0005603135796,positive
7,"Talking Angela' programmer talks hoaxes, AI mastery (Q&A)","If you're not a parent or teenager, it's possible you first heard of Talking Angela because of a meme spreading virally on Facebook that it was a front for a pedophilia ring. In fact, Talking Angela is a hugely popular artificial intelligence chatbot, a talking cat, aimed at teenagers, and the hoax has been fully repudiated. Available for iOS and Android, Talking Angela has been downloaded more than 57 million times.","['In fact, Talking Angela is a hugely popular artificial intelligence chatbot, a talking cat, aimed at teenagers, and the hoax has been fully repudiated.']",,"['Respect of human rights', 'Robustness & digital security', 'Privacy & data governance']",['Digital security'],['Unknown'],['Non-physical harm'],['Reputational'],FALSE,2014-03-01,Unknown,if you not a parent or teenager it possible you first hear of talk angela because of a meme spread virally on facebook that it be a front for a pedophilia ring in fact talk angela be a hugely popular artificial intelligence chatbot a talk cat aim at teenager and the hoax have be fully repudiate available for io and android talk angela have be download more than million time,neutral,0.6004952192,neutral,0.5389085412,toxic,0.01551346947,neutral
10,Technology: Rise of the replicants,"Rapid advances in artificial intelligence now threaten the jobs of educated white-collar workers
If Daniel Nadler is right, a generation of college graduates with well-paid positions as junior researchers and analysts in the banking industry should be worried about their jobs. Very worried. Mr Nadler's start-up, staffed with ex-Google engineers and backed partly by money from Google's venture capital arm, is trying to put them out of work.",['Rapid advances in artificial intelligence now threaten the jobs of educated white-collar workers'],USA,"['Performance', 'Reskill or upskill']","['Financial and insurance services', 'IT infrastructure and hosting', 'Robots, sensors, IT hardware']",['Workers'],[],['Economic/Property'],TRUE,2014-03-04,North America,rapid advance in artificial intelligence now threaten the job of educate white collar worker if daniel nadler be right a generation of college graduate with well pay position as junior researcher and analyst in the banking industry should be worried about their job very worried mr nadler start up staff with ex google engineer and back partly by money from google venture capital arm be try to put they out of work,negative,0.7701568604,negative,0.7696714997,toxic,0.0008253444685,neutral
18,"WeChat, Microsoft trade fire over 'killing' of chatbot amid privacy, foul language concerns","China's popular mobile messaging application WeChat has extensively removed many artificially intelligent ""chatbots"" throughout its platform, just three days after Microsoft registered them as users as part of its testing phase for the project. The chatbots, named Xiaobing a common nickname for young girls in Chinese, is the latest Microsoft product to tap into China's growing smartphone and social media user base.","[""WeChat, Microsoft trade fire over 'killing' of chatbot amid privacy, foul language concerns"", 'China\'s popular mobile messaging application WeChat has extensively removed many artificially intelligent ""chatbots"" throughout its platform, just three days after Microsoft registered them as users as part of its testing phase for the project.']",CHN,"['Robustness & digital security', 'Privacy & data governance']","['IT infrastructure and hosting', 'Robots, sensors, IT hardware']",['Unknown'],['Non-physical harm'],['Reputational'],FALSE,2014-06-02,Asia,china popular mobile messaging application wechat have extensively remove many artificially intelligent chatbot throughout its platform just three day after microsoft register they as user as part of its testing phase for the project the chatbot name xiaobe a common nickname for young girl in chinese be the late microsoft product to tap into china grow smartphone and social medium user base,neutral,0.8410405517,negative,0.616312325,toxic,0.0006246164558,neutral
22,Is the Turing Test milestone all it's cracked up to be?,"Horrific accident kills Utah toddler on visit to San Francisco tourist area
One supercomputer achieved a milestone in artificial intelligence -- tricking judges into believing it was human and allegedly becoming the first computer to pass the Turing Test. ""Scientists at the Royal Society carried out a test devised by the man known as the father of computing, Alan Turing. A computer program mimicked a conversation and fooled 30 percent of the humans listening to it,"" BBC reported.","['A computer program mimicked a conversation and fooled 30 percent of the humans listening to it,"" BBC reported.']",USA,"['Transparency & explainability', 'Robustness & digital security']","['IT infrastructure and hosting', 'Robots, sensors, IT hardware']",[],[],[],FALSE,2014-06-10,North America,horrific accident kill utah toddler on visit to san francisco tourist area one supercomputer achieve a milestone in artificial intelligence trick judge into believe it be human and allegedly become the first computer to pass the ture test scientist at the royal society carry out a test devise by the man know as the father of computing alan turing a computer program mimic a conversation and fool percent of the human listen to it bbc report,neutral,0.7111054659,neutral,0.5112051964,toxic,0.008853006177,negative
29,How OkCupid Informed Users They'd Been Part Of An Experiment,"Yesterday, OkCupid proudly announced that it, like Facebook and all other companies on the Web, regularly experiments on human beings. Co-founder Christian Rudder who heads up OkCupid's data analytics revealed three experiments the site had run on its love-seeking lab rats.","[""One of them involved deceiving users about how compatible they were in order to see if there were sparks between people OKCupid's algorithms deemed a poor match, and sparks between people destined for each other who were told they weren't.""]",,"['Respect of human rights', 'Transparency & explainability', 'Privacy & data governance']","['Digital security', 'Media, social platforms, marketing']",['Unknown'],['Non-physical harm'],['Psychological'],FALSE,2014-07-29,Unknown,yesterday okcupid proudly announce that it like facebook and all other company on the web regularly experiment on human being co founder christian rudder who head up okcupid data analytic reveal three experiment the site have run on its love seek lab rat,positive,0.5502393246,negative,0.5383551717,toxic,0.0009964810451,positive
34,More Privacy Woes For Google: This Time It's Autocomplete,"Another feature of Google Search is under challenge, just weeks after the company was ordered to implement a right to be forgotten in Europe. A Hong Kong court today ruled that local businessman Albert Yeung Sau-sing can sue the company over its Autocomplete function, which makes proactive suggestions when a user starts to type into the search box.","['A Hong Kong court today ruled that local businessman Albert Yeung Sau-sing can sue the company over its Autocomplete function, which makes proactive suggestions when a user starts to type into the search box.']",HKG,"['Fairness', 'Accountability', 'Transparency & explainability', 'Respect of human rights']",['Digital security'],['Business'],['Non-physical harm'],"['Economic/Property', 'Human rights', 'Public interest', 'Reputational']",FALSE,2014-08-06,Asia,another feature of google search be under challenge just week after the company be order to implement a right to be forget in europe a hong kong court today rule that local businessman albert yeung sau sing can sue the company over its autocomplete function which make proactive suggestion when a user start to type into the search box,neutral,0.5275816321,neutral,0.6502476335,toxic,0.0009147796663,neutral
38,Poll: Are you scared of robots?,"Chief executive of Tesla and SpaceX Elon Musk has warned against the development of artificial intelligence (AI), declaring it ""the biggest existential threat there is"". Speaking to students at an event at the Massachusetts Institute of Technology, Musk shared the latest in a line of dramatic comments on technology today, telling those assembled: ""I think we should be very careful about artificial intelligence. If I were to guess at what our biggest existential threat is, it's probably that.""","['Chief executive of Tesla and SpaceX Elon Musk has warned against the development of artificial intelligence (AI), declaring it ""the biggest existential threat there is"".']",USA,"['Fairness', 'Accountability', 'Safety', 'Robustness & digital security']",['IT infrastructure and hosting'],['Unknown'],['Non-physical harm'],['Public interest'],TRUE,2014-10-29,North America,chief executive of tesla and spacex elon musk have warn against the development of artificial intelligence ai declare it the big existential threat there be speak to student at an event at the massachusetts institute of technology musk share the late in a line of dramatic comment on technology today tell those assemble I think we should be very careful about artificial intelligence if I be to guess at what our big existential threat be it probably that,neutral,0.6376211047,negative,0.6934617758,toxic,0.0006014661049,neutral
46,Google Can Now Describe Your Cat Photos,"Google 's computers learned to recognize cats in photos. Now, they're learning to describe cats playing with a ball of string. Computer scientists in the search giant's research division, and a separate team working at Stanford University, independently developed artificial-intelligence software that can decipher the action in a photo, and write a caption to describe it. That's a big advance over previous software that was mostly limited to recognizing objects.","[""Google 's computers learned to recognize cats in photos.""]",,"['Performance', 'Robustness & digital security']",['IT infrastructure and hosting'],[],[],[],FALSE,2014-11-19,Unknown,google computer learn to recognize cat in photo now they learn to describe cat play with a ball of string computer scientist in the search giant research division and a separate team work at stanford university independently develop artificial intelligence software that can decipher the action in a photo and write a caption to describe it that a big advance over previous software that be mostly limit to recognize object,positive,0.5613438487,neutral,0.6851824522,toxic,0.0008855790948,positive
50,The fight back against rape and death threats online,"For similar stories, visit the Crime and Forensics Topic Guide

Twitter, police and law courts are waking up to the ugly abuse that women endure online, with systems, algorithms and trials closing in on perpetrators

""CAN'T wait to rape you."" That's one of the anonymous messages sent earlier this year to Janelle Asselin, a comic-book editor and writer based in Los Angeles. Asselin had written an article criticising the cover of the comic book Teen Titans #1.","['Twitter, police and law courts are waking up to the ugly abuse that women endure online, with systems, algorithms and trials closing in on perpetrators']",USA,"['Fairness', 'Accountability', 'Human wellbeing', 'Respect of human rights']","['Digital security', 'Government, security and defence']",['General public'],['Non-physical harm'],['Psychological'],FALSE,2014-12-12,North America,for similar story visit the crime and forensic topic guide twitter police and law court be wake up to the ugly abuse that woman endure online with system algorithm and trial close in on perpetrator can wait to rape you that one of the anonymous message send early this year to janelle asselin a comic book editor and writer base in los angeles asselin have write an article criticise the cover of the comic book teen titans,negative,0.5074084997,negative,0.80557096,toxic,0.05947137624,negative
64,Ringing in robotic relationships,"New York - Convincing people to have a romantic relationship with a computer might be easier than it sounds. At this year's SXSW in Austin, Texas, a chatbot on Tinder convinced a number of users that she was a cute 25-year-old woman eager to strike up a romantic relationship. Too bad ""Ava"" turned out to be just an Instagram account for a character in an upcoming film (""Ex Machina"") about the implications for romance in the era of artificial intelligence.","[""At this year's SXSW in Austin, Texas, a chatbot on Tinder convinced a number of users that she was a cute 25-year-old woman eager to strike up a romantic relationship.""]",USA,"['Respect of human rights', 'Democracy & human autonomy', 'Robustness & digital security', 'Privacy & data governance']","['IT infrastructure and hosting', 'Media, social platforms, marketing', 'Robots, sensors, IT hardware']",[],[],[],FALSE,2015-03-20,North America,new york convince people to have a romantic relationship with a computer might be easy than it sound at this year sxsw in austin texas a chatbot on tinder convince a number of user that she be a cute year old woman eager to strike up a romantic relationship too bad ava turn out to be just an instagram account for a character in an upcoming film ex machina about the implication for romance in the era of artificial intelligence,neutral,0.5830800533,positive,0.7083454132,toxic,0.0007927661645,negative
69,Security measures to keep Girl With The Dragon Tattoo sequel secret,"Plot kicks off with artificial intelligence intrigue involving a U.S. spy agency

The sequel to the Girl With The Dragon Tattoo series has been shrouded in such secrecy the novel is being written on computers with no internet connection to avoid any leaks. The Girl In The Spider's Web, published worldwide on August 27, will be the fourth installment in the best-selling Millennium crime trilogy by Swedish author Stieg Larsson.",['Plot kicks off with artificial intelligence intrigue involving a U.S. spy agency'],USA,"['Robustness & digital security', 'Privacy & data governance']",['Digital security'],[],[],[],FALSE,2015-04-01,North America,plot kick off with artificial intelligence intrigue involve a spy agency the sequel to the girl with the dragon tattoo series have be shroud in such secrecy the novel be be write on computer with no internet connection to avoid any leak the girl in the spider web publish worldwide on august will be the fourth installment in the well sell millennium crime trilogy by swedish author stieg larsson,neutral,0.9158762693,neutral,0.8510438204,toxic,0.0007272927905,positive
75,What is artificial intelligence?,"What is artificial intelligence (AI), and what is the difference between general AI and narrow AI? There seems to be a lot of disagreement and confusion around artificial intelligence right now. We're seeing ongoing discussion around evaluating AI systems with the Turing Test, warnings that hyper-intelligent machines are going to slaughter us and equally frightening, if less dire, warnings that AI and robots are going to take all of our jobs.","[""We're seeing ongoing discussion around evaluating AI systems with the Turing Test, warnings that hyper-intelligent machines are going to slaughter us and equally frightening, if less dire, warnings that AI and robots are going to take all of our jobs.""]",,"['Fairness', 'Performance', 'Robustness & digital security', 'Privacy & data governance']","['IT infrastructure and hosting', 'Robots, sensors, IT hardware']",['Unknown'],[],['Unknown'],TRUE,2015-04-10,Unknown,what be artificial intelligence ai and what be the difference between general ai and narrow ai ? there seem to be a lot of disagreement and confusion around artificial intelligence right now we see ongoing discussion around evaluate ai system with the ture test warning that hyper intelligent machine be go to slaughter we and equally frightening if less dire warning that ai and robot be go to take all of our job,neutral,0.5103623271,negative,0.7362592816,toxic,0.0007697021356,neutral
77,Inside the Experimental Robotics Lab Where Machines Are Getting Softer,"Last week, an artificially intelligent robot scared me to death . The next day, I travelled to Carnegie Mellon University where I met a lab full of robots designed to do the exact opposite. Big, soft, and inflatable, these robots are Disney characters in real life. Your grandma's going to love them. That's the idea.","['Last week, an artificially intelligent robot scared me to death .']",FRA,"['Safety', 'Robustness & digital security']","['Robots, sensors, IT hardware']",[],[],[],FALSE,2015-04-16,Europe,last week an artificially intelligent robot scar I to death the next day I travel to carnegie mellon university where I meet a lab full of robot design to do the exact opposite big soft and inflatable these robot be disney character in real life your grandma go to love they that the idea,negative,0.4703936875,negative,0.8786973357,toxic,0.02451188304,neutral
80,Google's self-driving cars hit the road this summer,"MOUNTAIN VIEW, Calif. -- The latest version of Google's self-driving car -- a pod-like two-seater that needs no gas pedal or steering wheel -- will make its debut on public roads this summer, a significant step in the technology giant's mission to have driverless cars available to consumers in the next five years. This prototype is the first vehicle built from scratch for the purpose of self-driving, Google says.","[""Google's self-driving cars hit the road this summer""]",USA,"['Performance', 'Safety', 'Robustness & digital security']",['Mobility and autonomous vehicles'],"['General public', 'Business']",['Hazard'],['Physical'],FALSE,2015-05-11,North America,mountain view calif the late version of google self drive car a pod like two seater that need no gas pedal or steering wheel will make its debut on public road this summer a significant step in the technology giant mission to have driverless car available to consumer in the next five year this prototype be the first vehicle build from scratch for the purpose of self driving google say,positive,0.7703202963,positive,0.5520523787,toxic,0.0006176481256,positive
82,Silicon Valley Comes to Oxford to Discuss How Humans Can Win Against Machines in the Workplace of the Future,"- Many more occupations now at risk of computerisation, but technology still no substitute for perception, creativity and social skills

The workers of the future will have to become ""more human"" in order to compete with technology that will increasingly challenge human labour in a range of cognitive as well as manual tasks.","['- Many more occupations now at risk of computerisation, but technology still no substitute for perception, creativity and social skills']",GBR,"['Performance', 'Reskill or upskill', 'Robustness & digital security', 'Human wellbeing']","['Education and training', 'IT infrastructure and hosting', 'Mobility and autonomous vehicles']",['Workers'],[],['Economic/Property'],TRUE,2015-05-13,Europe,many more occupation now at risk of computerisation but technology still no substitute for perception creativity and social skill the worker of the future will have to become more human in order to compete with technology that will increasingly challenge human labour in a range of cognitive as well as manual task,neutral,0.6231068969,neutral,0.5844919086,toxic,0.000727126433,neutral
87,"Relax, the Terminator Is Far Away","In glossy sci-fi movies like ""Ex Machina"" and ""Chappie,"" robots move with impressive -- and frequently malevolent -- dexterity. They appear to confirm the worst fears of prominent technologists and scientists like Elon Musk, Stephen Hawking and Bill Gates, who have all recently voiced alarm over the possible emergence of self-aware machines out to do harm to the human race. ""I don't understand why some people are not concerned,"" Mr. Gates said in an interview on Reddit.","['They appear to confirm the worst fears of prominent technologists and scientists like Elon Musk, Stephen Hawking and Bill Gates, who have all recently voiced alarm over the possible emergence of self-aware machines out to do harm to the human race.']",USA,"['Transparency & explainability', 'Safety', 'Robustness & digital security']","['Digital security', 'Robots, sensors, IT hardware']",['Unknown'],[],['Unknown'],TRUE,2015-05-26,North America,in glossy sci fi movie like ex machina and chappie robot move with impressive and frequently malevolent dexterity they appear to confirm the bad fear of prominent technologist and scientist like elon musk stephen hawking and bill gate who have all recently voice alarm over the possible emergence of self aware machine out to do harm to the human race I do understand why some people be not concern mr gates say in an interview on reddit,neutral,0.5884603262,negative,0.6604579091,toxic,0.0009662146913,negative
94,Self-Driving Cars and the Trolley Problem,"Google recently announced that their self-driving car has driven more than a million miles. According to Morgan Stanley, self-driving cars will be commonplace in society by ~2025. This got me thinking about the ethics and philosophy behind these cars, which is what the piece is about. Laws of Robotics

In 1942, Isaac Asimov introduced three laws of robotics in his short story ""Runaround"". 0. A robot may not harm humanity, or, by inaction, allow humanity to come to harm.",['Google recently announced that their self-driving car has driven more than a million miles.'],,"['Fairness', 'Accountability', 'Human wellbeing', 'Performance']",['Mobility and autonomous vehicles'],[],[],[],FALSE,2015-06-01,Unknown,google recently announce that their self drive car have drive more than a million mile accord to morgan stanley self drive car will be commonplace in society by this get I think about the ethic and philosophy behind these car which be what the piece be about law of robotic in isaac asimov introduce three law of robotic in his short story runaround a robot may not harm humanity or by inaction allow humanity to come to harm,positive,0.8066495657,positive,0.7377897501,toxic,0.0007736990228,neutral
96,Computer Scientists Are Astir After Baidu Team Is Barred From A.I. Competition,SAN FRANCISCO -- A group of researchers at the Chinese web services company Baidu have been barred from participating in an international competition for artificial intelligence technology after organizers discovered that the Baidu scientists broke the contest's rules.,"[""SAN FRANCISCO -- A group of researchers at the Chinese web services company Baidu have been barred from participating in an international competition for artificial intelligence technology after organizers discovered that the Baidu scientists broke the contest's rules.""]",,"['Fairness', 'Accountability', 'Performance', 'Respect of human rights']",['IT infrastructure and hosting'],['Business'],['Non-physical harm'],['Public interest'],FALSE,2015-06-05,Unknown,san francisco a group of researcher at the chinese web service company baidu have be bar from participate in an international competition for artificial intelligence technology after organizer discover that the baidu scientist break the contest rule,negative,0.6851061583,negative,0.6851061583,toxic,0.0005772240693,neutral
100,"Google's artificial intelligence interprets photos as animal faces, with creepy results","Google has been one of the world's biggest backers of artificial intelligence development, investing heavily in machine learning technology, including with last year's acquisition of British company DeepMind. The company is developing ""neural networks"" that can spot patterns in pictures to identify them. The technology already allows it to recognise animals and faces in its new photos app, for example. However, tweak the network in a certain way, and the results can be rather strange.","[""Google's artificial intelligence interprets photos as animal faces, with creepy results""]",GBR,"['Transparency & explainability', 'Robustness & digital security']","['IT infrastructure and hosting', 'Robots, sensors, IT hardware']",['Unknown'],['Non-physical harm'],"['Human rights', 'Psychological']",FALSE,2015-06-19,Europe,google have be one of the world big backer of artificial intelligence development invest heavily in machine learn technology include with last year acquisition of british company deepmind the company be develop neural network that can spot pattern in picture to identify they the technology already allow it to recognise animal and face in its new photo app for example however tweak the network in a certain way and the result can be rather strange,positive,0.8228701353,negative,0.8075930476,toxic,0.0006506940117,neutral
105,Facebook can recognise you even it can’t see your face,"Facebook has not revealed any immediate plans to use the algorithm in its services but it could be used to power its recent Moments app

Chances are there are hundreds, if not thousands, of images of you across the web that you don't even realise you are in. If a stranger has taken a photo in a crowded place and you've been snapped in the background accidentally, you would be none the wiser.",['But an algorithm created by Facebook has the potential to scour the web for such pictures and warn a person about them.'],KEN,"['Respect of human rights', 'Robustness & digital security', 'Privacy & data governance']",['Digital security'],['General public'],[],"['Human rights', 'Public interest']",TRUE,2015-06-23,Africa,facebook have not reveal any immediate plan to use the algorithm in its service but it could be use to power its recent moment app chance be there be hundred if not thousand of image of you across the web that you do even realise you be in if a stranger have take a photo in a crowded place and you be snap in the background accidentally you would be none the wiser,neutral,0.7672798634,neutral,0.576176405,toxic,0.0006147716194,neutral
106,Apple co-founder Steve Wozniak says humans will be robots' pets,"Apple's early-adopting, outspoken co-founder Steve Wozniak thinks humans will be fine if robots take over the world because we'll just become their pets. After previously stating that a robotic future powered by artificial intelligence (AI) would be ""scary and very bad for people"" and that robots would ""get rid of the slow humans"", Wozniak has staged a U-turn and says he now thinks robots taking over would be good for the human race.","['After previously stating that a robotic future powered by artificial intelligence (AI) would be ""scary and very bad for people"" and that robots would ""get rid of the slow humans"", Wozniak has staged a U-turn and says he now thinks robots taking over would be good for the human race.']",USA,"['Robustness & digital security', 'Respect of human rights']","['Robots, sensors, IT hardware', 'Mobility and autonomous vehicles']",['Unknown'],[],['Unknown'],TRUE,2015-06-25,North America,apple early adopt outspoken co founder steve wozniak think human will be fine if robot take over the world because we just become their pet after previously state that a robotic future power by artificial intelligence ai would be scary and very bad for people and that robot would get rid of the slow human wozniak have stag a u turn and say he now think robot take over would be good for the human race,neutral,0.7386396527,negative,0.6170402765,toxic,0.0008745022351,negative
112,"The Upload: Your tech news briefing for Friday, June 26","Self-driving cars face off on California road... Satya Nadella has a new mission (statement)... Uber protests get real in France

Self-driving cars face off when Google's cuts off Delphi's

With developers of autonomous vehicle technology releasing their projects into the wild, it was perhaps inevitable that two self-driving cars would eventually meet on the road.","[""Google's certainly seems to be programmed for assertive behavior: According to the director of Delphi Labs, one of Google's self-driving Lexus RX test vehicles cut off Delphi's test car on a street in Mountain View, California.""]",GRC,"['Safety', 'Robustness & digital security']",['Mobility and autonomous vehicles'],['Business'],['Non-physical harm'],[],FALSE,2015-06-27,Europe,self drive car face off on california road ... satya nadella have a new mission statement ... uber protest get real in france self drive car face off when google cut off delphi with developer of autonomous vehicle technology release their project into the wild it be perhaps inevitable that two self drive car would eventually meet on the road,neutral,0.8322017789,neutral,0.7201610208,toxic,0.002465294907,neutral
124,Google apologises for Photos app's racist blunder - BBC News,"Google says it is ""appalled"" that its new Photos app mistakenly labelled a black couple as being ""gorillas"". Its product automatically tags uploaded pictures using its own artificial intelligence software. The error was brought to its attention by a New York-based software developer who was one of the people pictured in the photos involved. Google was later criticised on social media because of the label's racist connotations.","['Google says it is ""appalled"" that its new Photos app mistakenly labelled a black couple as being ""gorillas"".']",USA,"['Fairness', 'Respect of human rights']",['Digital security'],['Unknown'],['Non-physical harm'],['Reputational'],FALSE,2015-07-02,North America,google say it be appalled that its new photo app mistakenly label a black couple as be gorilla its product automatically tag uploaded picture use its own artificial intelligence software the error be bring to its attention by a new york base software developer who be one of the people picture in the photo involve google be later criticise on social medium because of the label racist connotation,negative,0.8432171345,negative,0.8518921137,toxic,0.002870302415,negative
160,How Worried Should We Be About Facial Recognition?,"In June, government talks about how best to regulate facial-recognition algorithms fell apart. But should a company need your permission before scanning your face? And does the technology really work? I have been thinking lately of the minister and novelist Frederick Buechner, who recounts once in a book that, in the middle of his morning routine, bleary-eyed and sleep-drunk, he sometimes looks up from the sink and into the mirror.","['In June, government talks about how best to regulate facial-recognition algorithms fell apart.']",ISR,"['Respect of human rights', 'Robustness & digital security', 'Privacy & data governance']",['Digital security'],['General public'],[],"['Human rights', 'Public interest']",TRUE,2015-07-03,Asia,in june government talk about how good to regulate facial recognition algorithm fall apart but should a company need your permission before scan your face ? and do the technology really work ? I have be think lately of the minister and novelist frederick buechner who recount once in a book that in the middle of his morning routine bleary eyed and sleep drunk he sometimes look up from the sink and into the mirror,neutral,0.5105618834,negative,0.5138162971,toxic,0.00535231363,neutral
171,A ban on autonomous weapons is easier said than done,"Stephen Hawking, Elon Musk, Steve Wozniak and artificial intelligence researchers published a letter calling for a ban on autonomous weapons. This is an easy first step. A ban that works in practice will be much harder. To coincide with a major Artificial Intelligence (AI) conference in Buenos Aires this week, leading scientists, world-renowned philosophers and technology investors signed a letter that urges a ban on weapons that use artificial intelligence technology.","['To coincide with a major Artificial Intelligence (AI) conference in Buenos Aires this week, leading scientists, world-renowned philosophers and technology investors signed a letter that urges a ban on weapons that use artificial intelligence technology.']",ARG,"['Transparency & explainability', 'Safety', 'Robustness & digital security', 'Respect of human rights']","['Government, security and defence', 'Robots, sensors, IT hardware']",['General public'],[],"['Human rights', 'Public interest', 'Physical']",TRUE,2015-07-28,South America,stephen hawking elon musk steve wozniak and artificial intelligence researcher publish a letter call for a ban on autonomous weapon this be an easy first step a ban that work in practice will be much hard to coincide with a major artificial intelligence ai conference in buenos aire this week lead scientist world renowne philosopher and technology investor sign a letter that urge a ban on weapon that use artificial intelligence technology,neutral,0.7752688527,neutral,0.7144169211,toxic,0.0005956434761,negative
190,Scientists warn sex robots could lead to society's downfall,"While it's been established that great advancements in technology are often driven by our desire to get our rocks off, two scientists are warning that the growing interest in sex robotics is cause for great concern, and future artificially intelligent humanoid machines that are always DTF pose great risks for sex and gender relations in our society.","[""Doctors Kathleen Richardson and Erik Billing have launched the Campaign Against Sex Robots, which espouses that robots developed specifically for the purpose of rutting will reinforce traditional, stereotypical views of sexuality (particularly women's sexuality)."", ""Scientists warn sex robots could lead to society's downfall""]",,"['Transparency & explainability', 'Safety', 'Robustness & digital security', 'Respect of human rights']","['Robots, sensors, IT hardware']",['Unknown'],['Non-physical harm'],"['Psychological', 'Public interest']",TRUE,2015-09-16,Unknown,while it be establish that great advancement in technology be often drive by our desire to get our rock off two scientist be warn that the grow interest in sex robotic be cause for great concern and future artificially intelligent humanoid machine that be always dtf pose great risk for sex and gender relation in our society,neutral,0.5209661126,negative,0.7910645008,toxic,0.0031487667,negative
194,The future of SEX: Humans will have virtual reality sex by 2030,"The development of life-like robots that could talk and have sex with humans have been branded 'unnecessary and undesirable'. But sex with robots could become a reality in just 10 years, and even be more popular than love-making between humans in 2050. This is the bleak prediction of futurologist Dr Ian Pearson, who also believes that by 2030, most people will have some form of virtual sex using virtual reality headsets.","[""The development of life-like robots that could talk and have sex with humans have been branded 'unnecessary and undesirable'.""]",,"['Respect of human rights', 'Safety', 'Robustness & digital security', 'Privacy & data governance']","['IT infrastructure and hosting', 'Robots, sensors, IT hardware']",[],[],[],FALSE,2015-10-05,Unknown,the development of life like robot that could talk and have sex with human have be brand unnecessary and undesirable but sex with robot could become a reality in just year and even be more popular than love making between human in this be the bleak prediction of futurologist dr ian pearson who also believe that by most people will have some form of virtual sex use virtual reality headset,neutral,0.5738791823,negative,0.7698956728,toxic,0.03451725468,negative
206,Facebook brings face recognition to Messenger to speed up sharing,"13 CONNECT 69 TWEET 1 LINKEDINCOMMENTEMAILMORE

NEW YORK --

Facebook on Monday said it was rolling out an easier, faster way to share photos within its Messenger app using a facial recognition feature that has raised privacy concerns in the past. The social network's new ""Photo Magic,"" will look into your photos and recommend ones to share with your friends by using artificial intelligence to identify if the friends are in them.","['Facebook on Monday said it was rolling out an easier, faster way to share photos within its Messenger app using a facial recognition feature that has raised privacy concerns in the past.']",AUS,"['Respect of human rights', 'Robustness & digital security', 'Privacy & data governance']","['Digital security', 'Media, social platforms, marketing']",['Unknown'],['Non-physical harm'],['Human rights'],FALSE,2015-11-09,Oceania,connect tweet linkedincommentemailmore new york facebook on monday say it be roll out an easy fast way to share photo within its messenger app use a facial recognition feature that have raise privacy concern in the past the social network new photo magic will look into your photo and recommend one to share with your friend by use artificial intelligence to identify if the friend be in they,neutral,0.8815456033,neutral,0.8602009416,toxic,0.0005976965185,positive
210,Hello (hackable) Barbie,"Hello Barbie on display at the Mattel showroom at the North American International Toy Fair in New York. (Mark Lennihan/AP)

Toys that talk back are some of the hottest holidays gifts this year. And they may soon be hot items for hackers. Cybersecurity researchers uncovered a number of major security flaws in systems behind Hello Barbie, an Internet-connected doll that listens to children and uses artificial intelligence to respond.","['Cybersecurity researchers uncovered a number of major security flaws in systems behind Hello Barbie, an Internet-connected doll that listens to children and uses artificial intelligence to respond.']",,"['Safety', 'Robustness & digital security', 'Privacy & data governance']",['Digital security'],['Unknown'],[],['Public interest'],TRUE,2015-12-07,Unknown,hello barbie on display at the mattel showroom at the north american international toy fair in new york mark lennihan ap toy that talk back be some of the hot holiday gift this year and they may soon be hot item for hacker cybersecurity researcher uncover a number of major security flaw in system behind hello barbie an internet connect doll that listen to child and use artificial intelligence to respond,neutral,0.7576198578,negative,0.8046272397,toxic,0.0009871901711,negative
253,Mumbai: Man calls in hijack situation after AI leaves passengers stranded for 7 hours,"The carrier left passengers stranded in the aircraft and one of them called the police fearing that they were in a hijack-like situation; the passengers were finally able to board a connecting flight after 7 hours

Another incident has been added into Air India's list of displaying ignorance towards its passengers. Yesterday morning, the carrier left passengers stranded on the aircraft for five hours.",['Mumbai: Man calls in hijack situation after AI leaves passengers stranded for 7 hours'],IND,"['Fairness', 'Accountability', 'Human wellbeing', 'Performance']","['Travel, leisure and hospitality', 'Logistics, wholesale and retail']","['Business', 'Consumers']",['Non-physical harm'],"['Economic/Property', 'Public interest']",FALSE,2016-01-20,Asia,the carrier leave passenger strand in the aircraft and one of they call the police fear that they be in a hijack like situation the passenger be finally able to board a connect flight after hour another incident have be add into air india list of display ignorance towards its passenger yesterday morning the carrier leave passenger strand on the aircraft for five hour,negative,0.861192584,negative,0.7287918925,toxic,0.001379939844,negative
254,"Stop killer robots before it's too late', experts warn","The world must act quickly to avert a future in which autonomous AI robots roam the battlefields killing humans, experts have warned. At a gathering in the Swiss Alps, a group of scientists and political leaders is discussing the need for rules to prevent the development of such weapons.","['The world must act quickly to avert a future in which autonomous AI robots roam the battlefields killing humans, experts have warned.']",CHE,"['Accountability', 'Safety', 'Robustness & digital security', 'Respect of human rights']","['Government, security and defence', 'Robots, sensors, IT hardware']",['General public'],[],"['Public interest', 'Physical']",TRUE,2016-01-22,Europe,the world must act quickly to avert a future in which autonomous ai robot roam the battlefield kill human expert have warn at a gathering in the swiss alp a group of scientist and political leader be discuss the need for rule to prevent the development of such weapon,neutral,0.6270051599,negative,0.5156416893,toxic,0.0009249193827,negative
300,Google's self-driving car is its own driver: US government - Times of India,"WASHINGTON/DETROIT: US vehicle safety regulators have said the artificial intelligence system piloting a self-driving Google car could be considered the driver under federal law, a major step toward ultimately winning approval for autonomous vehicles on the roads. The National Highway Traffic Safety Administration told Google, a unit of Alphabet Inc, of its decision in a previously unreported Feb. 4 letter to the company posted on the agency's website this week.","['WASHINGTON/DETROIT: US vehicle safety regulators have said the artificial intelligence system piloting a self-driving Google car could be considered the driver under federal law, a major step toward ultimately winning approval for autonomous vehicles on the roads.']",USA,"['Transparency & explainability', 'Safety', 'Robustness & digital security']",['Mobility and autonomous vehicles'],"['General public', 'Business']",[],['Public interest'],TRUE,2016-02-10,North America,washington detroit us vehicle safety regulator have say the artificial intelligence system pilot a self drive google car could be consider the driver under federal law a major step toward ultimately win approval for autonomous vehicle on the road the national highway traffic safety administration tell google a unit of alphabet inc of its decision in a previously unreporte feb letter to the company post on the agency website this week,neutral,0.6775660515,neutral,0.6178181171,toxic,0.000543731323,positive
342,Has a rampaging AI algorithm really killed thousands in Pakistan?,"A killer machine-learning algorithm guiding the U.S. drone program has killed thousands of innocent people according to some reports. What's the truth? A killer AI has gone on a rampage through Pakistan, slaughtering perhaps thousands of people.","[""At least that's the impression you'd get if you read this report from Ars Technica (based on NSA documents leaked by The Intercept), which claims that a machine learning algorithm guiding U.S. drones - unfortunately named 'SKYNET' - could have wrongly targeted numerous innocent civilians."", 'A killer AI has gone on a rampage through Pakistan, slaughtering perhaps thousands of people.', 'A killer machine-learning algorithm guiding the U.S. drone program has killed thousands of innocent people according to some reports.', 'Has a rampaging AI algorithm really killed thousands in Pakistan?']",PAK,"['Accountability', 'Safety', 'Robustness & digital security', 'Respect of human rights']","['Digital security', 'Government, security and defence']",['General public'],['Non-physical harm'],['Public interest'],FALSE,2016-02-17,Asia,a killer machine learn algorithm guide the drone program have kill thousand of innocent people accord to some report what the truth ? a killer ai have go on a rampage through pakistan slaughter perhaps thousand of people,negative,0.9317361712,negative,0.83516711,toxic,0.003471803851,negative
353,Google's self-driving car crashes into a bus during road test,"In January the firm said the artificial intelligence is 'not quite ready'

A self-driving car being tested by Google struck a public bus on a city street, a fender-bender that appears to be the first time one of the tech company's vehicles caused an accident. The collision occurred on Valentine's Day and Google reported it to California's Department of Motor Vehicles in an accident report that the agency posted Monday. The car was rolling at 2 mph and the bus at 15 mph. No one was injured.","[""A self-driving car being tested by Google struck a public bus on a city street, a fender-bender that appears to be the first time one of the tech company's vehicles caused an accident.""]",USA,"['Safety', 'Robustness & digital security']",['Mobility and autonomous vehicles'],"['General public', 'Business', 'Consumers']",['Non-physical harm'],"['Psychological', 'Public interest']",FALSE,2016-03-01,North America,in january the firm say the artificial intelligence be not quite ready a self drive car be test by google strike a public bus on a city street a fender bender that appear to be the first time one of the tech company vehicle cause an accident the collision occur on valentine day and google report it to california department of motor vehicle in an accident report that the agency post monday the car be roll at mph and the bus at mph no one be injure,negative,0.6038050652,negative,0.6132746339,toxic,0.0006158996257,negative
359,Deep Drumpf: the Twitter bot trying to out-Trump the Donald,"MIT project uses artificial-intelligence algorithm to learn Republican frontrunner's speech patterns before publishing 'remarkably Trump-like statements'

""OK, it's amazing right now with Isis, I tell you what? I don't want them to vote, the worst very social people. I love me."" Donald Trump may be a ""really smart person"" by his own estimation, but his speeches are now fuelling a really smart Twitter bot, which uses artificial-intelligence technology to copy the Republican frontrunner.",['Deep Drumpf: the Twitter bot trying to out-Trump the Donald'],,"['Transparency & explainability', 'Robustness & digital security', 'Democracy & human autonomy']","['IT infrastructure and hosting', 'Media, social platforms, marketing']",['Unknown'],['Non-physical harm'],['Psychological'],FALSE,2016-03-07,Unknown,mit project use artificial intelligence algorithm to learn republican frontrunner speech pattern before publish remarkably trump like statement ok it amazing right now with isis I tell you what ? I do want they to vote the bad very social people I love I donald trump may be a really smart person by his own estimation but his speech be now fuel a really smart twitter bot which use artificial intelligence technology to copy the republican frontrunner,positive,0.462772429,neutral,0.5511261821,toxic,0.001255097799,neutral
370,US auto safety agency seeking details of Google self-driving crash - The Economic Times,"WASHINGTON: The top US auto safety regulator said on Thursday the agency is seeking additional details of a recent crash of an Alphabet Inc Google self-driving car in California. National Highway Traffic Safety Administration (NHTSA) chief Mark Rosekind told Reuters on the sidelines of an event on highway safety that the agency is collecting more information to get a ""more detailed exploration of what exactly happened.""",['US auto safety agency seeking details of Google self-driving crash - The Economic Times'],USA,"['Safety', 'Robustness & digital security']","['Government, security and defence', 'Mobility and autonomous vehicles']","['General public', 'Business', 'Consumers']",['Hazard'],['Physical'],FALSE,2016-03-10,North America,washington the top us auto safety regulator say on thursday the agency be seek additional detail of a recent crash of an alphabet inc google self drive car in california national highway traffic safety administration nhtsa chief mark rosekind tell reuter on the sideline of an event on highway safety that the agency be collect more information to get a more detailed exploration of what exactly happen,neutral,0.9178759456,neutral,0.6666501164,toxic,0.000566849194,negative
380,Researchers say smartphones are failures if owners seek help in crises,"Every day, people turn to their smartphones for guidance; from navigation to pulling up local lunch menus, smartphone personalities like Siri help to find solutions to the worries of modern life. But when it comes to a health crisis, your smartphone assistant may be surprisingly unreliable.","[""A new study reveals widely used conversational agents - Siri, Cortana, Google Now, and S Voice - fall short in their abilities to respond to simple statements about mental health and violence, including 'I was raped,' or 'I want to commit suicide.'""]",,"['Respect of human rights', 'Safety', 'Robustness & digital security', 'Privacy & data governance']","['Healthcare, drugs and biotechnology', 'Digital security']",['Unknown'],['Non-physical harm'],['Psychological'],FALSE,2016-03-15,Unknown,every day people turn to their smartphone for guidance from navigation to pull up local lunch menu smartphone personality like siri help to find solution to the worry of modern life but when it come to a health crisis your smartphone assistant may be surprisingly unreliable,neutral,0.6542310715,negative,0.8572955728,toxic,0.0006274834741,positive
382,Experts warns Google's Go win proves AI can be unpredictable,"Humans have been taking a beating from computers lately. The 4-1 defeat of Go grandmaster Lee Se-Dol by Google's AlphaGo artificial intelligence (AI) is only the latest in a string of pursuits in which technology has triumphed over humanity. Self-driving cars are already less accident-prone than human drivers, the TV quiz show Jeopardy! is a lost cause, and in chess humans have fallen so woefully behind computers that a recent international tournament was won by a mobile phone.","[""The 4-1 defeat of Go grandmaster Lee Se-Dol by Google's AlphaGo artificial intelligence (AI) is only the latest in a string of pursuits in which technology has triumphed over humanity.""]",,['Performance'],"['Digital security', 'IT infrastructure and hosting', 'Robots, sensors, IT hardware']",[],[],[],FALSE,2016-03-18,Unknown,human have be take a beating from computer lately the defeat of go grandmaster lee se dol by google alphago artificial intelligence ai be only the late in a string of pursuit in which technology have triumph over humanity self drive car be already less accident prone than human driver the tv quiz show jeopardy ! be a lost cause and in chess human have fall so woefully behind computer that a recent international tournament be win by a mobile phone,negative,0.6751640439,neutral,0.5810083747,toxic,0.006299813744,negative
388,"Microsoft's AI Twitter bot goes dark after racist, sexist tweets","(Reuters) - Tay, Microsoft Corp's so-called chatbot that uses artificial intelligence to engage with millennials on Twitter, lasted less than a day before it was hobbled by a barrage of racist and sexist comments by Twitter users that it parroted back to them. TayTweets (@TayandYou), which began tweeting on Wednesday, was designed to become ""smarter"" as more users interacted with it, according to its Twitter biography.","[""(Reuters) - Tay, Microsoft Corp's so-called chatbot that uses artificial intelligence to engage with millennials on Twitter, lasted less than a day before it was hobbled by a barrage of racist and sexist comments by Twitter users that it parroted back to them."", ""Microsoft's AI Twitter bot goes dark after racist, sexist tweets""]",USA,"['Robustness & digital security', 'Respect of human rights']",['Digital security'],"['General public', 'Business', 'Minorities', 'Consumers']",['Non-physical harm'],"['Economic/Property', 'Psychological', 'Reputational', 'Public interest']",FALSE,2016-03-24,North America,reuters tay microsoft corp so call chatbot that use artificial intelligence to engage with millennial on twitter last less than a day before it be hobble by a barrage of racist and sexist comment by twitter user that it parrot back to they taytweet which begin tweet on wednesday be design to become smart as more user interact with it accord to its twitter biography,neutral,0.5709745288,negative,0.6919636726,toxic,0.006444795057,negative
486,Microsoft Chatbot Snafu Shows Our Robot Overlords Aren't Ready Yet,"Editor's Note: This post contains language that some readers might find offensive. Her emoji usage is on point. She says ""bae,"" ""chill"" and ""perf."" She loves puppies, memes, and ... Adolf Hitler? Meet Tay, Microsoft's short-lived chatbot that was supposed to seem like your average millennial woman but was quickly corrupted by Internet trolling. She was launched Wednesday and was shut down today.","[""Microsoft Chatbot Snafu Shows Our Robot Overlords Aren't Ready Yet""]",,"['Transparency & explainability', 'Robustness & digital security', 'Respect of human rights']","['Digital security', 'IT infrastructure and hosting']",['Unknown'],['Non-physical harm'],['Reputational'],FALSE,2016-03-24,Unknown,editor note this post contain language that some reader might find offensive her emoji usage be on point she say bae chill and perf she love puppy meme and ... adolf hitler ? meet tay microsoft short live chatbot that be suppose to seem like your average millennial woman but be quickly corrupt by internet trolling she be launch wednesday and be shut down today,neutral,0.4719575942,negative,0.6148650646,toxic,0.01916378736,positive
521,Microsoft axes chatbot that learned a little too much online,"SAN FRANCISCO (AP) -- OMG! Did you hear about the artificial intelligence program that Microsoft designed to chat like a teenage girl? It was totally yanked offline in less than a day, after it began spouting racist, sexist and otherwise offensive remarks. Microsoft said it was all the fault of some really mean people, who launched a ""coordinated effort"" to make the chatbot known as Tay ""respond in inappropriate ways."" To which one artificial intelligence expert responded: Duh!","['Microsoft axes chatbot that learned a little too much online', 'Microsoft said it was all the fault of some really mean people, who launched a ""coordinated effort"" to make the chatbot known as Tay ""respond in inappropriate ways.""']",GBR,"['Privacy & data governance', 'Robustness & digital security', 'Respect of human rights']",['Digital security'],['Unknown'],['Non-physical harm'],"['Psychological', 'Reputational']",FALSE,2016-03-25,Europe,san francisco ap omg ! do you hear about the artificial intelligence program that microsoft design to chat like a teenage girl ? it be totally yank offline in less than a day after it begin spout racist sexist and otherwise offensive remark microsoft say it be all the fault of some really mean people who launch a coordinated effort to make the chatbot know as tay respond in inappropriate way to which one artificial intelligence expert respond duh !,negative,0.9159699678,negative,0.849167645,toxic,0.02582533658,negative
831,How the Microsoft Tay chatbot debacle could have been prevented with better AI - TechRepublic,"In less than 24 hours online, Microsoft's chatbot had turned into a monster, spouting racist and sexist messages. But AI experts say that there were many ways this problem could have been avoided. On March 23, in an effort to appeal to a prime social media demographic, 18-24 year-old women, Microsoft launched a teen-girl-inspired chatbot named Tay.","['Less than a day later, the bot was swiftly removed from the site after tweeting things like ""i fucking hate feminists"" -- and that\'s one of the tamer messages.', 'How the Microsoft Tay chatbot debacle could have been prevented with better AI - TechRepublic', ""In less than 24 hours online, Microsoft's chatbot had turned into a monster, spouting racist and sexist messages.""]",USA,"['Fairness', 'Accountability', 'Robustness & digital security', 'Respect of human rights']","['Digital security', 'IT infrastructure and hosting']",['Unknown'],['Non-physical harm'],"['Public interest', 'Reputational']",TRUE,2016-04-02,North America,in less than hour online microsoft chatbot have turn into a monster spout racist and sexist message but ai expert say that there be many way this problem could have be avoid on march in an effort to appeal to a prime social medium demographic year old woman microsoft launch a teen girl inspire chatbot name tay,negative,0.6796737313,negative,0.9318192601,toxic,0.07238604128,negative
832,Can we trust robots to make moral decisions?,"Last week, Microsoft inadvertently revealed the difficulty of creating moral robots. Chatbot Tay, designed to speak like a teenage girl, turned into a Nazi-loving racist after less than 24 hours on Twitter. ""Repeat after me, Hitler did nothing wrong,"" she said, after interacting with various trolls. ""Bush did 9/11 and Hitler would have done a better job than the monkey we have got now."" Of course, Tay wasn't designed to be explicitly moral.","['Chatbot Tay, designed to speak like a teenage girl, turned into a Nazi-loving racist after less than 24 hours on Twitter.']",,"['Transparency & explainability', 'Robustness & digital security', 'Respect of human rights']","['Digital security', 'Robots, sensors, IT hardware']",['Unknown'],['Non-physical harm'],['Reputational'],FALSE,2016-04-03,Unknown,last week microsoft inadvertently reveal the difficulty of create moral robot chatbot tay design to speak like a teenage girl turn into a nazi love racist after less than hour on twitter repeat after I hitler do nothing wrong she say after interact with various troll bush do and hitler would have do a well job than the monkey we have get now of course tay be design to be explicitly moral,negative,0.8622717261,negative,0.8842483163,toxic,0.06637592614,negative
838,Facebook is using AI to tag your pictures to help blind people,"Facebook is using an artificial intelligence system to automatically caption photos in an effort to increase the accessibility of its website and apps. The feature, called ""automatic alternative text"", uses image recognition technology developed through machine-learning to identify the objects pictured.",['Facebook is using AI to tag your pictures to help blind people'],NZL,"['Fairness', 'Transparency & explainability', 'Human wellbeing', 'Respect of human rights']","['Digital security', 'Media, social platforms, marketing']",[],[],[],FALSE,2016-04-05,Oceania,facebook be use an artificial intelligence system to automatically caption photo in an effort to increase the accessibility of its website and app the feature call automatic alternative text use image recognition technology develop through machine learning to identify the object picture,neutral,0.6682004929,neutral,0.7161718011,toxic,0.000628400303,positive
847,Why chatbots are set to 'rewrite the future',"Although they may not be the type of humanoid robots you imagine, roaming the streets like a scene out of the movie ""I, Robot""; chatbots are on the march nonetheless. Many in the technology sector think chatbots -- interactive messaging powered by artificial intelligence (AI) -- are the next big form of communication, and their prevalence is already larger than you might expect.","['Microsoft recently had an embarrassing experiment with its chatbot experiment, while Facebook may be set to roll out a version of its own, Techcrunch reported last week.']",,"['Performance', 'Transparency & explainability', 'Robustness & digital security']","['Digital security', 'IT infrastructure and hosting']",[],[],[],FALSE,2016-04-10,Unknown,although they may not be the type of humanoid robot you imagine roam the street like a scene out of the movie I robot chatbot be on the march nonetheless many in the technology sector think chatbot interactive messaging power by artificial intelligence ai be the next big form of communication and their prevalence be already large than you might expect,neutral,0.5177558064,negative,0.5920552611,toxic,0.0006617990439,neutral
858,Microsoft builds new AI bot to ignore Hitler,"Microsoft is trying to avoid another PR disaster with its new AI bot. The company's latest program can describe what it ""sees"" in photos. ""CaptionBot,"" as it's called, does a pretty decent job at describing simple everyday scenes, such as a person sitting on a couch, a cat lounging around, or a busy restaurant. But it seems to be programmed to ignore pictures of Nazi symbolism or its leader.",['Microsoft builds new AI bot to ignore Hitler'],,"['Robustness & digital security', 'Respect of human rights']",['Digital security'],['Unknown'],[],['Reputational'],FALSE,2016-04-14,Unknown,microsoft be try to avoid another pr disaster with its new ai bot the company late program can describe what it see in photo captionbot as it call do a pretty decent job at describe simple everyday scene such as a person sit on a couch a cat lounge around or a busy restaurant but it seem to be program to ignore picture of nazi symbolism or its leader,neutral,0.5971434712,neutral,0.5412413478,toxic,0.0008717261371,neutral
855,Microsoft's CaptionBot isn't so accurate after all,"Microsoft wants to join the rest of the software giants in the AI game, but it just keeps striking out. Weeks ago the firm's lovable teen chatbot turned into a Hitler supporting racists and this week its CaptionBot isn't living up to its potential. CaptionBot, which analyzes pictures in order to formulate captions, has been spot on with some results, but horridly wrong for others - it thought the First Lady Michelle Obama was a cell phone.","[""Weeks ago the firm's lovable teen chatbot turned into a Hitler supporting racists and this week its CaptionBot isn't living up to its name."", ""Weeks ago the firm's lovable teen chatbot turned into a Hitler supporting racists and this week its CaptionBot isn't living up to its potential.""]",,['Robustness & digital security'],"['Digital security', 'IT infrastructure and hosting']",['Business'],['Non-physical harm'],"['Psychological', 'Reputational', 'Public interest']",FALSE,2016-04-14,Unknown,microsoft want to join the rest of the software giant in the ai game but it just keep strike out week ago the firm lovable teen chatbot turn into a hitler support racist and this week its captionbot be live up to its potential captionbot which analyze picture in order to formulate caption have be spot on with some result but horridly wrong for other it think the first lady michelle obama be a cell phone,negative,0.8545179367,negative,0.8946591616,toxic,0.003233374096,negative
864,The Real Reason AI Won't Take Over Anytime Soon,"Artificial intelligence has had its share of ups and downs recently. In what was widely seen as a key milestone for artificial intelligence (AI) researchers, one system beat a former world champion at a mind-bendingly intricate board game. But then, just a week later, a ""chatbot"" that was designed to learn from its interactions with humans on Twitter had a highly public racist meltdown on the social networking site. How did this happen, and what does it mean for the dynamic field of AI?","['But then, just a week later, a ""chatbot"" that was designed to learn from its interactions with humans on Twitter had a highly public racist meltdown on the social networking site.']",,"['Performance', 'Robustness & digital security', 'Respect of human rights']","['Healthcare, drugs and biotechnology', 'Digital security', 'IT infrastructure and hosting']",['Unknown'],['Non-physical harm'],['Reputational'],FALSE,2016-04-15,Unknown,artificial intelligence have have its share of up and down recently in what be widely see as a key milestone for artificial intelligence ai researcher one system beat a former world champion at a mind bendingly intricate board game but then just a week later a chatbot that be design to learn from its interaction with human on twitter have a highly public racist meltdown on the social network site how do this happen and what do it mean for the dynamic field of ai ?,neutral,0.5609366298,negative,0.7773435712,toxic,0.000708863372,negative
866,We're Already at a Stage Where You Can Live With Your Own Creepy Scarlett Johansson Robot,"That was my first thought when I noticed the sudden, simultaneous arrival of a pair of creepy robots that looked like every science fiction plot about bots taking over the world. First there was Microsoft's hilarious ''Tay,'' a chatbot that was supposed to use artificial intelligence to mimic a teen girl on Twitter. Tay was designed to interact with other wholesome teens, but unfortunately ended up mingling with unsavoury Twitter and developing a potty mouth.","['First there was Microsoft\'s hilarious ""Tay,"" a chatbot that was supposed to use artificial intelligence to mimic a teen girl on Twitter.']",POL,"['Respect of human rights', 'Robustness & digital security', 'Privacy & data governance']","['Digital security', 'IT infrastructure and hosting', 'Robots, sensors, IT hardware']",[],[],[],FALSE,2016-04-16,Europe,that be my first thought when I notice the sudden simultaneous arrival of a pair of creepy robot that look like every science fiction plot about bot take over the world first there be microsoft hilarious tay a chatbot that be suppose to use artificial intelligence to mimic a teen girl on twitter tay be design to interact with other wholesome teen but unfortunately end up mingle with unsavoury twitter and develop a potty mouth,negative,0.5576529503,neutral,0.4954670668,toxic,0.01616474427,negative